{
  "" : {
    "transaction" : "",
    "sampleCount" : 500,
    "errorCount" : 0,
    "errorPct" : 0.0,
    "meanResTime" : 922.8460000000002,
    "medianResTime" : 892.0,
    "minResTime" : 616.0,
    "maxResTime" : 3080.0,
    "pct1ResTime" : 957.8000000000001,
    "pct2ResTime" : 991.8,
    "pct3ResTime" : 2573.680000000002,
    "throughput" : 27.156202476645664,
    "receivedKBytesPerSec" : 81.13949759328156,
    "sentKBytesPerSec" : 3.8718804312404957
  },
  "Total" : {
    "transaction" : "Total",
    "sampleCount" : 500,
    "errorCount" : 0,
    "errorPct" : 0.0,
    "meanResTime" : 922.8460000000002,
    "medianResTime" : 892.0,
    "minResTime" : 616.0,
    "maxResTime" : 3080.0,
    "pct1ResTime" : 957.8000000000001,
    "pct2ResTime" : 991.8,
    "pct3ResTime" : 2573.680000000002,
    "throughput" : 27.156202476645664,
    "receivedKBytesPerSec" : 81.13949759328156,
    "sentKBytesPerSec" : 3.8718804312404957
  }
}